{
    " ": 4.150000095367432,
    "!": 4.375,
    "\"": 6.099999904632568,
    "#": 8.9375,
    "$": 8.21250057220459,
    "%": 12.46250057220459,
    "&": 12.1875,
    "'": 3.6000001430511475,
    "(": 4.6875,
    ")": 4.6875,
    "*": 6.375,
    "+": 10.387499809265137,
    ",": 3.375,
    "-": 6.0625,
    ".": 3.375,
    "/": 5.987500190734863,
    "0": 8.21250057220459,
    "1": 8.21250057220459,
    "2": 8.21250057220459,
    "3": 8.21250057220459,
    "4": 8.21250057220459,
    "5": 8.21250057220459,
    "6": 8.21250057220459,
    "7": 8.21250057220459,
    "8": 8.21250057220459,
    "9": 8.21250057220459,
    ":": 3.375,
    ";": 3.375,
    "<": 10.387499809265137,
    "=": 10.387499809265137,
    ">": 10.387499809265137,
    "?": 6.762500286102295,
    "@": 14.4375,
    "A": 9.862500190734863,
    "B": 8.787500381469727,
    "C": 9.375,
    "D": 10.675000190734863,
    "E": 7.700000286102295,
    "F": 7.4375,
    "G": 10.412500381469727,
    "H": 10.83750057220459,
    "I": 4.125,
    "J": 5.550000190734863,
    "K": 8.887499809265137,
    "L": 7.1875,
    "M": 13.6875,
    "N": 11.387499809265137,
    "O": 11.412500381469727,
    "P": 8.574999809265137,
    "Q": 11.412500381469727,
    "R": 9.15000057220459,
    "S": 8.08750057220459,
    "T": 8.037500381469727,
    "U": 10.46250057220459,
    "V": 9.475000381469727,
    "W": 14.25,
    "X": 9.037500381469727,
    "Y": 8.449999809265137,
    "Z": 8.6875,
    "[": 4.6875,
    "\\": 5.825000286102295,
    "]": 4.6875,
    "^": 10.387499809265137,
    "_": 6.287499904632568,
    "`": 4.137500286102295,
    "a": 7.75,
    "b": 8.949999809265137,
    "c": 7.025000095367432,
    "d": 8.96250057220459,
    "e": 7.950000286102295,
    "f": 4.862500190734863,
    "g": 8.96250057220459,
    "h": 8.625,
    "i": 3.737499952316284,
    "j": 3.75,
    "k": 7.625,
    "l": 3.737499952316284,
    "m": 13.125,
    "n": 8.637499809265137,
    "o": 8.912500381469727,
    "p": 8.949999809265137,
    "q": 8.96250057220459,
    "r": 5.349999904632568,
    "s": 6.537499904632568,
    "t": 5.224999904632568,
    "u": 8.637499809265137,
    "v": 7.349999904632568,
    "w": 11.0625,
    "x": 7.099999904632568,
    "y": 7.412499904632568,
    "z": 6.887500286102295,
    "{": 4.6875,
    "|": 3.7750000953674316,
    "}": 4.6875,
    "~": 10.387499809265137
}